APS,ABPS,SUBARP,MISS_MAC,TIME
37.666666666666664,23.333333333333332,3,1,07:08
