APS,ABPS,SUBARP,MISS_MAC,CLASS
14.666666666666666,1.6666666666666667,8,1,1
